id,first_name,last_name,email,lat,lon
1,Kathy,Allen,kallen0@youtube.com,23.02954,114.94661
2,Theresa,Gomez,tgomez1@ft.com,45.7168,-75.06599
3,Johnny,Henry,jhenry2@mail.ru,19.2281,108.67356
4,Henry,Peterson,hpeterson3@forbes.com,18.48138,-71.41965
5,Billy,Kim,bkim4@prlog.org,-7.4224,106.718
6,Arthur,Sullivan,asullivan5@networksolutions.com,54.1721,74.6946
7,Margaret,Burns,mburns6@google.ru,31.54199,35.14279
8,Catherine,West,cwest7@twitpic.com,64.13333,29.51667
9,Raymond,Wheeler,rwheeler8@opera.com,40.43583,71.76722
10,Paula,Lawrence,plawrence9@scientificamerican.com,33.96736,36.65741
11,Louise,Ross,lrossa@skyrock.com,43.50972,142.18556
12,Diane,Ray,drayb@cafepress.com,-17.35306,-70.13194
13,Emily,Powell,epowellc@cargocollective.com,52.83212,15.56763
14,Judy,Day,jdayd@economist.com,54.23649,20.12833
15,Doris,Ross,drosse@google.com.au,34.6913,135.183
16,Amy,Simpson,asimpsonf@oaic.gov.au,36.51556,118.53972
17,Patrick,George,pgeorgeg@businesswire.com,35.88917,14.53278
18,Walter,Nguyen,wnguyenh@jiathis.com,-20.05,48.11667
19,Christine,Owens,cowensi@thetimes.co.uk,24.74056,102.59484
20,Melissa,Frazier,mfrazierj@clickbank.net,54.1223,36.49657
21,Elizabeth,Howell,ehowellk@histats.com,55.36352,37.52984
22,Patricia,Clark,pclarkl@indiegogo.com,14.1284,121.4147
23,Beverly,Bennett,bbennettm@abc.net.au,-8.8816,121.2125
24,Martin,Palmer,mpalmern@zimbio.com,-7.0277,108.5577
25,Jack,Simpson,jsimpsono@live.com,7.46667,4.06667
26,Keith,Larson,klarsonp@slashdot.org,60.38333,25.28333
27,Steven,Morgan,smorganq@home.pl,14.0361,33.1712
28,Anthony,Mills,amillsr@ebay.com,38.4,-8.7667
29,Joyce,Martinez,jmartinezs@wikia.com,-20.25777,57.74976
30,Kimberly,Willis,kwillist@webeden.co.uk,27.91667,118.55389
31,Terry,Barnes,tbarnesu@fastcompany.com,24.40417,103.44278
32,Gloria,Chavez,gchavezv@washingtonpost.com,47.1042,-122.87
33,Lori,Reynolds,lreynoldsw@ed.gov,30.0606,111.47068
34,Lawrence,Thomas,lthomasx@diigo.com,31.87974,119.59558
35,Charles,Williams,cwilliamsy@tripod.com,55.6759,12.5655
36,Arthur,Stanley,astanleyz@uol.com.br,15.63333,-85.76667
37,Judy,Andrews,jandrews10@mayoclinic.com,-8.8816,121.2125
38,Randy,Morgan,rmorgan11@newsvine.com,39.36667,22.94583
39,Roger,Richardson,rrichardson12@godaddy.com,58.78811,52.24513
40,Mark,Henderson,mhenderson13@columbia.edu,55.5441,42.1968
41,Tina,Marshall,tmarshall14@sbwire.com,39.1271,-95.6384
42,Barbara,Martin,bmartin15@engadget.com,18.83333,-72.10528
43,Judy,Garcia,jgarcia16@wikispaces.com,29.79936,66.84505
44,Andrea,Warren,awarren17@utexas.edu,45.39611,14.38944
45,Steve,Mendoza,smendoza18@mashable.com,-7.5128,107.9575
46,Martha,Washington,mwashington19@yellowbook.com,49.82226,21.39004
47,Brenda,Gilbert,bgilbert1a@state.tx.us,-18.91368,47.53613
48,Karen,Burton,kburton1b@independent.co.uk,-17.88333,15.06667
49,Charles,Morales,cmorales1c@oaic.gov.au,53.15611,-6.91444
50,Henry,James,hjames1d@japanpost.jp,-6.7175,111.5025
51,Brian,Burns,bburns1e@t-online.de,39.32528,117.55378
52,Kathryn,Ellis,kellis1f@sbwire.com,7.70444,123.21139
53,Irene,West,iwest1g@ning.com,-14.88639,-70.58889
54,Jack,Fernandez,jfernandez1h@nyu.edu,51.37,6.1681
55,Jessica,Brown,jbrown1i@squarespace.com,37.22376,120.98649
56,Julie,Garcia,jgarcia1j@youku.com,53.50806,-6.4625
57,Kevin,Brooks,kbrooks1k@youtube.com,-7.1668,108.8436
58,Martin,Olson,molson1l@upenn.edu,-8.6772,118.9458
59,Harold,Payne,hpayne1m@multiply.com,40.28,-8.36
60,Willie,Long,wlong1n@disqus.com,-24.67034,-65.04765
61,Henry,Hudson,hhudson1o@zimbio.com,-7.0041,108.7106
62,Debra,Woods,dwoods1p@sciencedirect.com,35.20854,100.85286
63,Robin,George,rgeorge1q@t.co,57.6467,11.9294
64,Donna,Morgan,dmorgan1r@tamu.edu,53.4086,32.578
65,Clarence,Banks,cbanks1s@virginia.edu,22.21139,110.87417
66,Nicholas,Garcia,ngarcia1t@jalbum.net,40.278,-8.3553
67,Christina,Young,cyoung1u@nifty.com,-20.16194,57.49889
68,Walter,Bishop,wbishop1v@reverbnation.com,48.45931,24.24545
69,Marilyn,Ramos,mramos1w@senate.gov,34.92716,107.95356
70,Nicholas,Wood,nwood1x@t.co,59.9161,10.837
71,Carolyn,Gardner,cgardner1y@about.me,18.9022,-103.7918
72,Lillian,Burns,lburns1z@usatoday.com,-23.76639,-53.325
73,Benjamin,Banks,bbanks20@cafepress.com,-7.1106,111.7268
74,Beverly,Hawkins,bhawkins21@creativecommons.org,-24.32389,-50.61556
75,Ernest,Bradley,ebradley22@alibaba.com,13.52222,122.40417
76,Kevin,Mitchell,kmitchell23@networksolutions.com,-7.3659,112.6219
77,Kevin,Stone,kstone24@samsung.com,-9.2,25.85
78,Craig,Dixon,cdixon25@independent.co.uk,41.2028,-8.4444
79,Michael,Reyes,mreyes26@istockphoto.com,-6.8593,111.8028
80,Louise,Mccoy,lmccoy27@myspace.com,28.29778,107.75
81,Frank,Wallace,fwallace28@hibu.com,21.825,110.76471
82,Roger,Hart,rhart29@uiuc.edu,35.30528,139.81861
83,Doris,Gilbert,dgilbert2a@irs.gov,44.65,-1.1667
84,Brandon,Miller,bmiller2b@google.ru,30.02781,108.40788
85,Sara,Ellis,sellis2c@tiny.cc,37.96843,23.21351
86,Richard,Kelly,rkelly2d@epa.gov,30.24283,106.36733
87,Norma,Dixon,ndixon2e@flavors.me,40.4209,-8.7214
88,Kathryn,Armstrong,karmstrong2f@tuttocitta.it,13.25811,121.93363
89,Samuel,Henry,shenry2g@google.com.au,33.15122,-7.37504
90,Harry,Little,hlittle2h@bluehost.com,,
91,Debra,Ramos,dramos2i@shop-pro.jp,53.37483,-6.36336
92,Marie,Fields,mfields2j@tuttocitta.it,34.09511,104.24716
93,Jean,Fields,jfields2k@slate.com,31.8381,119.68698
94,Michael,Banks,mbanks2l@pbs.org,31.9925,116.24722
95,Jennifer,Gordon,jgordon2m@hugedomains.com,35.60028,103.20639
96,Doris,Moore,dmoore2n@chronoengine.com,54.78036,-127.17428
97,Jose,Rice,jrice2o@wp.com,36.2158,-115.0671
98,Janet,Johnston,jjohnston2p@biglobe.ne.jp,58.2837,12.2886
99,Emily,Stewart,estewart2q@yellowbook.com,32.22168,70.37928
100,Elizabeth,Gonzalez,egonzalez2r@netlog.com,60.00276,30.33051
101,Keith,Schmidt,kschmidt2s@microsoft.com,60.6036,15.626
102,Susan,Lopez,slopez2t@unesco.org,41.43306,22.01194
103,William,Pierce,wpierce2u@nifty.com,45.75272,128.76149
104,Amy,Peterson,apeterson2v@berkeley.edu,28.92018,89.53345
105,Sarah,Davis,sdavis2w@reuters.com,32.97944,114.02944
106,Jason,Moore,jmoore2x@360.cn,-16.2525,-47.95028
107,Anna,Carroll,acarroll2y@istockphoto.com,26.99167,106.34167
108,Marie,Evans,mevans2z@umich.edu,50.78015,18.96389
109,Joseph,Russell,jrussell30@vimeo.com,42.84306,21.58333
110,Thomas,Gardner,tgardner31@shareasale.com,44.0225,-92.4668
111,Melissa,Schmidt,mschmidt32@unicef.org,37.34976,23.4656
112,Michael,Burton,mburton33@lulu.com,3.76383,-76.33292
113,Jean,Russell,jrussell34@devhub.com,39.22472,117.74889
114,Steven,Vasquez,svasquez35@ibm.com,37.21642,121.26354
115,Robert,Ellis,rellis36@spotify.com,7.36308,9.04235
116,Joyce,Brown,jbrown37@barnesandnoble.com,14.37389,120.81333
117,Diana,Watson,dwatson38@merriam-webster.com,-8.34722,-77.38944
118,Joshua,Little,jlittle39@home.pl,50.11425,19.79788
119,Robin,Griffin,rgriffin3a@europa.eu,8.11667,-81.01667
120,Tina,Hansen,thansen3b@soundcloud.com,30.17444,118.26833
121,Doris,Stewart,dstewart3c@slideshare.net,45.345,18.46222
122,Christopher,Palmer,cpalmer3d@tripadvisor.com,34.63914,104.01308
123,Sara,Brown,sbrown3e@state.tx.us,35.59833,115.93472
124,Nicholas,Ramos,nramos3f@admin.ch,29.55918,113.87294
125,Sharon,Snyder,ssnyder3g@nba.com,26.30944,127.77028
126,Lawrence,Richardson,lrichardson3h@nbcnews.com,0.27293,99.55762
127,James,Cole,jcole3i@cam.ac.uk,-6.8864,111.583
128,Sharon,Ford,sford3j@ftc.gov,-13.83183,-172.03602
129,Kathryn,Griffin,kgriffin3k@nasa.gov,49.91155,19.62931
130,Timothy,Myers,tmyers3l@usda.gov,49.0389,2.077
131,Robert,Boyd,rboyd3m@timesonline.co.uk,-7.0037,108.2267
132,Benjamin,Peterson,bpeterson3n@comsenz.com,42.4667,-2.45
133,Matthew,Berry,mberry3o@wsj.com,55.6724,13.0685
134,Anne,Brooks,abrooks3p@rediff.com,58.5942,16.1826
135,Jacqueline,Simpson,jsimpson3q@msu.edu,50.51667,115.13333
136,Mark,Hart,mhart3r@stanford.edu,8.22343,-71.13705
137,Jeremy,Cunningham,jcunningham3s@seattletimes.com,59.1,18.0331
138,Brandon,Little,blittle3t@taobao.com,-8.1777,111.8093
139,Sara,Matthews,smatthews3u@berkeley.edu,59.6162,16.5528
140,Steve,Castillo,scastillo3v@army.mil,50.22887,19.77007
141,Carolyn,Nelson,cnelson3w@harvard.edu,47.70693,106.95276
142,Joe,Turner,jturner3x@upenn.edu,53.5741,10.076
143,Douglas,Crawford,dcrawford3y@printfriendly.com,29.62815,110.9011
144,Diana,Grant,dgrant3z@prlog.org,44.58304,84.77024
145,Frances,Richardson,frichardson40@360.cn,8.08228,134.71725
146,Jennifer,Henderson,jhenderson41@gmpg.org,-22.94667,-47.31583
147,Annie,Marshall,amarshall42@mlb.com,-2.5409,115.1588
148,Carlos,Medina,cmedina43@noaa.gov,25.25575,101.51857
149,Gregory,George,ggeorge44@fotki.com,51.7485,20.38711
150,Joan,Peterson,jpeterson45@dion.ne.jp,25.0469,113.74865
151,Michael,Hamilton,mhamilton46@cisco.com,48.90216,17.70671
152,Harry,Johnston,hjohnston47@canalblog.com,14.96667,-88.86667
153,Kelly,Johnston,kjohnston48@cbsnews.com,-7.1599,106.7645
154,Carolyn,Dixon,cdixon49@live.com,41.8947,12.4839
155,Jennifer,White,jwhite4a@bbb.org,61.154,23.68858
156,Billy,Burton,bburton4b@123-reg.co.uk,41.5063,-5.7446
157,Terry,Day,tday4c@usgs.gov,-7.2525,106.6846
158,Fred,Ross,fross4d@mozilla.org,-6.4296,105.935
159,Andrea,Ray,aray4e@soundcloud.com,30.26125,106.57588
160,Phyllis,Davis,pdavis4f@mail.ru,46.3231,-0.4588
161,Kenneth,Castillo,kcastillo4g@cmu.edu,17.72412,121.47096
162,Wayne,Hudson,whudson4h@redcross.org,36.18333,139.71667
163,Teresa,Duncan,tduncan4i@comsenz.com,-7.0108,108.6019
164,Catherine,Henderson,chenderson4j@drupal.org,41.4,-8.6333
165,Charles,Powell,cpowell4k@so-net.ne.jp,30.65723,109.44599
166,Philip,Warren,pwarren4l@netscape.com,32.50847,35.22752
167,Annie,Willis,awillis4m@squidoo.com,29.365,48.00139
168,Rachel,Cox,rcox4n@hao123.com,30.31606,118.41349
169,Marie,Burton,mburton4o@wikimedia.org,8.61361,124.87056
170,Maria,Murphy,mmurphy4p@privacy.gov.au,32.20666,120.13626
171,Johnny,Washington,jwashington4q@psu.edu,19.66775,-72.12284
172,Gary,Baker,gbaker4r@tripod.com,41.4,-8.7833
173,Marie,Shaw,mshaw4s@soundcloud.com,45.35,14.43028
174,Joseph,Collins,jcollins4t@51.la,22.01921,-78.70365
175,Phyllis,Edwards,pedwards4u@wikia.com,29.32976,118.31464
176,William,Dunn,wdunn4v@rediff.com,5.592,153.564
177,Gerald,Martinez,gmartinez4w@cmu.edu,-6.74826,106.02616
178,Paula,Kennedy,pkennedy4x@clickbank.net,37.85,140.6
179,Philip,Hunt,phunt4y@sfgate.com,44.27221,135.05227
180,Nicole,Washington,nwashington4z@weather.com,52.68405,41.41752
181,Shawn,Nguyen,snguyen50@naver.com,39.2856,-76.6899
182,Harry,Garza,hgarza51@columbia.edu,7.65611,123.39139
183,Ann,Peters,apeters52@scribd.com,39.48167,117.51361
184,Joseph,Moore,jmoore53@wordpress.com,26.93809,103.03956
185,Irene,Stone,istone54@theglobeandmail.com,39.6922,-8.4593
186,Billy,Murphy,bmurphy55@shinystat.com,29.57177,108.61017
187,Ryan,Moore,rmoore56@indiegogo.com,38.189,-85.6768
188,Annie,Kim,akim57@joomla.org,-19.00556,-65.52861
189,Marilyn,Gonzalez,mgonzalez58@webmd.com,31.15734,108.08256
190,Howard,Garcia,hgarcia59@senate.gov,35.51965,137.82074
191,Gloria,Welch,gwelch5a@domainmarket.com,43.59833,73.76139
192,Thomas,Myers,tmyers5b@a8.net,-0.35085,117.43523
193,Joan,Kennedy,jkennedy5c@aboutads.info,32.27788,120.33001
194,Gregory,Riley,griley5d@biblegateway.com,31.18145,118.43106
195,Harry,Myers,hmyers5e@angelfire.com,63.2909,18.7153
196,Samuel,Hudson,shudson5f@mashable.com,-27.48171,-55.82921
197,Virginia,Perez,vperez5g@wix.com,7.99194,-10.84056
198,Shirley,Garcia,sgarcia5h@over-blog.com,40.7808,-73.9772
199,Craig,Young,cyoung5i@cloudflare.com,35.14316,102.85027
200,Christopher,Hart,chart5j@google.de,-11.20605,13.84371
201,Eugene,Carroll,ecarroll5k@deviantart.com,56.55,38.03333
202,Clarence,Thomas,cthomas5l@webs.com,49.66878,12.77546
203,Keith,Alvarez,kalvarez5m@columbia.edu,60.44498,50.9968
204,Brandon,Walker,bwalker5n@abc.net.au,39.94421,115.61477
205,Donald,Hamilton,dhamilton5o@apache.org,34.25765,134.71535
206,Alice,Gray,agray5p@studiopress.com,40.52204,72.07292
207,Ruby,Smith,rsmith5q@jalbum.net,43.53333,118.66667
208,Ernest,Roberts,eroberts5r@amazon.co.jp,-6.6806,111.6014
209,Gregory,Schmidt,gschmidt5s@statcounter.com,-28.6775,-49.36972
210,Sharon,Adams,sadams5t@google.co.jp,18.62828,98.89572
211,Robert,Gonzalez,rgonzalez5u@e-recht24.de,45.40304,121.60462
212,Brian,Elliott,belliott5v@newyorker.com,60.34127,30.49551
213,Philip,Gibson,pgibson5w@timesonline.co.uk,13.25,-59.65
214,Ruby,Miller,rmiller5x@thetimes.co.uk,10.8436,122.6404
215,Rachel,Edwards,redwards5y@loc.gov,13.45177,102.29823
216,Randy,Foster,rfoster5z@cornell.edu,31.19594,121.44709
217,Ruby,Nelson,rnelson60@businessweek.com,36.1468,49.218
218,Robin,Ross,rross61@comcast.net,-6.6993,111.4904
219,Jeremy,Robertson,jrobertson62@blog.com,52.32512,17.56519
220,Louise,Ross,lross63@ebay.co.uk,34.58333,135.46667
221,Evelyn,Montgomery,emontgomery64@jimdo.com,24.67659,116.15274
222,Paul,Ray,pray65@google.ca,43.82222,17.60917
223,Roy,Nelson,rnelson66@deviantart.com,-24.18832,-62.89021
224,Michael,Freeman,mfreeman67@indiatimes.com,-8.8567,121.012
225,Lisa,Ellis,lellis68@soup.io,28.95,117.16667
226,Andrea,Harrison,aharrison69@weibo.com,41.9583,-8.5917
227,Jack,Davis,jdavis6a@mapquest.com,47.3833,0.6833
228,Maria,Coleman,mcoleman6b@bizjournals.com,22.54352,-73.8778
229,Frances,Campbell,fcampbell6c@google.de,10.52066,-74.18504
230,Justin,Green,jgreen6d@macromedia.com,40.27608,122.13034
231,Betty,Brooks,bbrooks6e@ning.com,14.00412,99.54832
232,Teresa,Ray,tray6f@accuweather.com,42.8682,132.67367
233,Robin,Gray,rgray6g@cnbc.com,37.34913,97.833
234,Carolyn,Morgan,cmorgan6h@symantec.com,-16.47083,-54.63556
235,Beverly,Graham,bgraham6i@creativecommons.org,8.53222,124.31222
236,Billy,Young,byoung6j@blogtalkradio.com,40.9583,-7.9333
237,Karen,Lopez,klopez6k@wikimedia.org,-6.28862,106.71789
238,Amanda,Crawford,acrawford6l@github.io,9.08333,6.01667
239,Christine,Peterson,cpeterson6m@reverbnation.com,33.14607,106.84444
240,Philip,Owens,powens6n@va.gov,33.74424,36.70394
241,Victor,King,vking6o@berkeley.edu,17.06034,122.01514
242,Donna,Arnold,darnold6p@blogspot.com,32.20368,-6.4666
243,Katherine,Reyes,kreyes6q@engadget.com,39.5167,-8.5333
244,Jonathan,Nelson,jnelson6r@google.co.jp,24.61235,117.99112
245,Keith,Bell,kbell6s@icq.com,18.01792,103.30388
246,Sarah,Armstrong,sarmstrong6t@feedburner.com,-5.6578,132.9709
247,Karen,Collins,kcollins6u@mediafire.com,4.26425,-75.93085
248,Joshua,Gomez,jgomez6v@pinterest.com,-22.66667,-60.11667
249,Carolyn,Grant,cgrant6w@tripadvisor.com,-21.20778,-159.775
250,Christopher,Harris,charris6x@jiathis.com,13.2705,122.6774
251,Michelle,Wood,mwood6y@mozilla.com,20.73083,106.39789
252,Betty,Wright,bwright6z@gravatar.com,44.30056,15.85472
253,Bruce,Campbell,bcampbell70@virginia.edu,50.2125,16.26323
254,Stephen,Carter,scarter71@jimdo.com,50.5082,3.5937
255,Bobby,Coleman,bcoleman72@spotify.com,15.33117,120.5898
256,William,Owens,wowens73@discuz.net,-24.88333,28.28333
257,Angela,Kelley,akelley74@eventbrite.com,-31.95021,-65.05354
258,Howard,Price,hprice75@msn.com,29.15007,119.69441
259,Kenneth,Bailey,kbailey76@google.de,34.03907,103.79044
260,Brandon,Berry,bberry77@sogou.com,34.88333,132.08333
261,Eugene,Ruiz,eruiz78@usda.gov,18.35871,-71.41716
262,Carl,Burns,cburns79@thetimes.co.uk,13.9641,-5.35791
263,Michael,Rogers,mrogers7a@narod.ru,-8.1966,111.611
264,Maria,Williamson,mwilliamson7b@github.io,39.82707,113.09622
265,Ashley,Greene,agreene7c@sina.com.cn,31.48232,35.01742
266,Paul,Perkins,pperkins7d@mozilla.com,16.88425,101.88467
267,Sandra,Andrews,sandrews7e@surveymonkey.com,-6.9567,111.8969
268,Bruce,Austin,baustin7f@odnoklassniki.ru,30.01343,111.71464
269,Judith,Robertson,jrobertson7g@prnewswire.com,6.59861,125.34361
270,Edward,Spencer,espencer7h@newyorker.com,43.3,-0.3667
271,Chris,Evans,cevans7i@dailymotion.com,43.0389,-87.9024
272,Keith,Boyd,kboyd7j@pinterest.com,-29.19167,-54.86722
273,Kathy,Rice,krice7k@princeton.edu,46.85628,83.12263
274,Robert,Hunt,rhunt7l@dailymail.co.uk,23.53105,112.37249
275,Joseph,Cruz,jcruz7m@typepad.com,-8.1689,111.9561
276,John,Spencer,jspencer7n@va.gov,26.85333,119.8575
277,Pamela,King,pking7o@istockphoto.com,-10.7949,122.9617
278,Phillip,Willis,pwillis7p@com.com,-8.1095,115.0928
279,Barbara,Parker,bparker7q@behance.net,30.0659,120.35579
280,Beverly,Cole,bcole7r@tmall.com,6.47361,124.81083
281,Maria,Armstrong,marmstrong7s@nifty.com,18.21365,103.17967
282,Jose,Garrett,jgarrett7t@hud.gov,-7.3755,108.0325
283,Roger,Sims,rsims7u@printfriendly.com,11.18333,42.93333
284,Terry,Schmidt,tschmidt7v@foxnews.com,34.44566,109.5636
285,Billy,Freeman,bfreeman7w@ezinearticles.com,15.94652,120.30348
286,Antonio,Lewis,alewis7x@cdbaby.com,7.36278,124.79278
287,Scott,Day,sday7y@vkontakte.ru,31.38583,118.82252
288,Stephanie,Spencer,sspencer7z@google.cn,49.1077,16.06067
289,Catherine,Wheeler,cwheeler80@hhs.gov,33.28596,112.34895
290,Helen,Gibson,hgibson81@patch.com,-21.09,-45.56583
291,Kathy,Miller,kmiller82@wufoo.com,29.07342,119.61215
292,Clarence,Palmer,cpalmer83@sakura.ne.jp,40.42722,71.71889
293,Ann,Ortiz,aortiz84@github.io,36.76611,101.13194
294,Tina,Williams,twilliams85@symantec.com,33.88146,10.0982
295,Nancy,Wood,nwood86@blogtalkradio.com,50.42974,21.75078
296,Kathryn,Wells,kwells87@google.com.au,54.91578,37.41114
297,Doris,Richards,drichards88@npr.org,41.3394,-8.6167
298,Nicholas,Palmer,npalmer89@blogspot.com,56.18333,37.9
299,Joshua,Moreno,jmoreno8a@gizmodo.com,15.13823,-23.21158
300,Eric,Ortiz,eortiz8b@jalbum.net,51.01667,116.51667
301,Heather,Carr,hcarr8c@statcounter.com,63.06667,25.86667
302,Robert,Gilbert,rgilbert8d@dell.com,-12.93333,-74.01667
303,James,Burke,jburke8e@wiley.com,-8.0146,111.9856
304,Michael,Ferguson,mferguson8f@cafepress.com,43.578,7.0545
305,Randy,Daniels,rdaniels8g@stanford.edu,43.8902,-0.4971
306,Pamela,Jacobs,pjacobs8h@nationalgeographic.com,53.69901,22.43183
307,Kathleen,Washington,kwashington8i@histats.com,18.94498,-69.79331
308,Christine,Cunningham,ccunningham8j@google.de,16.63722,120.44556
309,Deborah,Burton,dburton8k@china.com.cn,49.64093,24.28874
310,Teresa,Kelley,tkelley8l@dailymotion.com,17.8701,-100.2556
311,Clarence,Diaz,cdiaz8m@ft.com,32.36815,119.533
312,Bruce,Duncan,bduncan8n@feedburner.com,14.35167,100.57739
313,Andrea,Nguyen,anguyen8o@dell.com,39.8032,-121.8673
314,Charles,Powell,cpowell8p@china.com.cn,36.0218,-78.9478
315,Carol,Brooks,cbrooks8q@tinypic.com,36.71667,139.68333
316,Adam,Gilbert,agilbert8r@skype.com,9.6531,124.3697
317,Judy,Hunt,jhunt8s@gmpg.org,43.3476,3.219
318,Andrea,Dean,adean8t@histats.com,65.8355,24.1368
319,Wayne,Kim,wkim8u@xinhuanet.com,52.8811,20.02893
320,Samuel,Woods,swoods8v@123-reg.co.uk,6.63106,8.05814
321,Anthony,Ferguson,aferguson8w@soundcloud.com,-2.258,115.6511
322,Evelyn,Sullivan,esullivan8x@kickstarter.com,54.95083,20.22748
323,Catherine,Jones,cjones8y@narod.ru,14.2973,121.4598
324,Jeffrey,Ray,jray8z@wikimedia.org,1.73889,33.15944
325,Alan,Garrett,agarrett90@shinystat.com,33.2,130.01667
326,Susan,Murray,smurray91@theglobeandmail.com,33.26338,115.36108
327,Christine,Allen,callen92@google.es,52.86607,17.94625
328,Paul,Dunn,pdunn93@timesonline.co.uk,-12.1175,44.48833
329,Jimmy,Willis,jwillis94@slate.com,4.9218,-75.06232
330,Charles,Rivera,crivera95@github.com,13.2954,19.6966
331,Wayne,Berry,wberry96@cdc.gov,-6.56666,105.84812
332,Charles,Oliver,coliver97@baidu.com,11.77528,124.88611
333,Randy,Dean,rdean98@cbsnews.com,43.0314,-85.5503
334,Julia,Coleman,jcoleman99@sbwire.com,27.131,61.67445
335,Eric,Perry,eperry9a@diigo.com,48.2667,7.45
336,Justin,Castillo,jcastillo9b@opera.com,16.24858,103.06739
337,Thomas,Oliver,toliver9c@chron.com,-7.1913,107.8902
338,Joe,Ward,jward9d@wired.com,5.7089,6.81026
339,Elizabeth,Ray,eray9e@simplemachines.org,32.20125,35.03416
340,Justin,Fuller,jfuller9f@cargocollective.com,40.8167,-7.55
341,Gloria,Young,gyoung9g@addthis.com,-1.59111,31.14028
342,Jeffrey,Williams,jwilliams9h@nih.gov,49.53841,17.30887
343,Laura,Matthews,lmatthews9i@bluehost.com,-6.8956,112.2178
344,Rachel,Bell,rbell9j@buzzfeed.com,17.22611,120.61167
345,Jimmy,Harvey,jharvey9k@amazon.co.jp,-13.7736,-172.38802
346,Gregory,Perkins,gperkins9l@apple.com,47.0638,8.2775
347,Emily,Hamilton,ehamilton9m@wisc.edu,-8.061,111.8726
348,Doris,West,dwest9n@dyndns.org,28.83943,114.61005
349,Deborah,Walker,dwalker9o@github.com,57.9303,12.5334
350,Tina,Carter,tcarter9p@weebly.com,22.77019,112.95776
351,Clarence,Burns,cburns9q@reverbnation.com,31.27642,120.86762
352,Pamela,Vasquez,pvasquez9r@globo.com,45.00722,43.34944
353,Gregory,Howard,ghoward9s@nasa.gov,24.79441,115.71478
354,Carol,Brown,cbrown9t@lulu.com,34.50896,135.7929
355,Amanda,Carpenter,acarpenter9u@xrea.com,-8.0894,111.6034
356,Deborah,Jenkins,djenkins9v@who.int,-7.2066,111.6374
357,Aaron,Day,aday9w@ocn.ne.jp,55.7,37.58333
358,Raymond,Clark,rclark9x@aol.com,46.75975,125.8467
359,Joan,White,jwhite9y@wordpress.com,-7.50528,-35.31833
360,Betty,Gilbert,bgilbert9z@upenn.edu,-8.5666,116.5751
361,Irene,Carter,icartera0@creativecommons.org,49.4897,11.1064
362,Barbara,Warren,bwarrena1@elegantthemes.com,-7.045,108.3465
363,Judith,Lewis,jlewisa2@samsung.com,-32.42657,-63.73333
364,Kathryn,Rivera,kriveraa3@dagondesign.com,-7.1637,108.8172
365,Stephen,Hansen,shansena4@seattletimes.com,48.85775,36.55505
366,Eugene,Weaver,eweavera5@nsw.gov.au,22.2081,-105.2531
367,Teresa,Moreno,tmorenoa6@surveymonkey.com,21.6981,110.3004
368,Cheryl,Anderson,candersona7@google.com.br,23.65916,113.467
369,Patricia,Nichols,pnicholsa8@fastcompany.com,19.4985,-97.6492
370,Adam,Reynolds,areynoldsa9@samsung.com,56.7,22.53333
371,Jessica,Smith,jsmithaa@youku.com,44.62058,18.44684
372,Patricia,Miller,pmillerab@hexun.com,-8.3765,118.3093
373,Peter,Clark,pclarkac@photobucket.com,15.33333,120.58333
374,Joseph,Franklin,jfranklinad@cdc.gov,50.27706,23.64617
375,Frank,Larson,flarsonae@networksolutions.com,31.68636,113.46585
376,Richard,Andrews,randrewsaf@unblog.fr,29.6813,-82.3539
377,Michelle,Dean,mdeanag@noaa.gov,38.58333,23.63333
378,Shawn,Oliver,soliverah@scientificamerican.com,53.2859,-6.37344
379,Donna,Lee,dleeai@google.de,-8.1245,112.5734
380,Justin,Evans,jevansaj@engadget.com,-4.1,-38.48333
381,Brenda,Russell,brussellak@privacy.gov.au,29.59105,105.32734
382,Paul,Stanley,pstanleyal@parallels.com,28.34919,28.86591
383,Adam,Gilbert,agilbertam@bing.com,55.05811,41.16556
384,Amanda,Lopez,alopezan@skype.com,22.39967,106.78967
385,Nicholas,Reyes,nreyesao@time.com,-18.4,47.86667
386,Doris,Kennedy,dkennedyap@who.int,13.48333,-88.46667
387,Gerald,Harrison,gharrisonaq@sfgate.com,33.25141,106.83026
388,Lisa,Palmer,lpalmerar@vistaprint.com,29.46457,116.31524
389,Carol,Kim,ckimas@macromedia.com,19.7381,96.20742
390,Ralph,Cooper,rcooperat@reuters.com,-8.3823,123.2664
391,Bonnie,Day,bdayau@japanpost.jp,31.41648,31.81332
392,Joan,Watson,jwatsonav@jiathis.com,44.42446,105.32078
393,Janet,Nguyen,jnguyenaw@senate.gov,-23.02972,-46.97528
394,Kathryn,Howard,khowardax@4shared.com,3.30436,97.96793
395,Louis,Wright,lwrightay@delicious.com,30.66667,104.06667
396,Walter,Wells,wwellsaz@friendfeed.com,42.41972,127.53444
397,Kathleen,Young,kyoungb0@hp.com,60.00029,-111.88543
398,Tina,West,twestb1@pcworld.com,53.40953,18.44742
399,Ernest,Nguyen,enguyenb2@blogger.com,49.00912,42.12178
400,Andrew,Martinez,amartinezb3@tuttocitta.it,-33.1325,-58.29556
401,Andrew,Morris,amorrisb4@smugmug.com,25.07045,117.03153
402,Joe,Graham,jgrahamb5@symantec.com,-27.58472,-50.36111
403,Theresa,Ford,tfordb6@washington.edu,44.70819,18.48834
404,Ruby,Lawrence,rlawrenceb7@imgur.com,41.95743,21.71494
405,Andrea,Murray,amurrayb8@gnu.org,45.61667,63.31667
406,Jack,Carpenter,jcarpenterb9@spotify.com,-19.9,47.23333
407,Sarah,Cox,scoxba@surveymonkey.com,49.58565,18.71943
408,Beverly,Ford,bfordbb@home.pl,-44.4,171.25
409,Jose,Olson,jolsonbc@mediafire.com,28.26421,120.12558
410,Beverly,James,bjamesbd@deviantart.com,50.05333,5.91917
411,Ann,Morales,amoralesbe@google.ru,44.86801,16.8551
412,Stephanie,Flores,sfloresbf@goodreads.com,34.67139,70.20944
413,Andrew,Robinson,arobinsonbg@google.co.jp,31.97389,112.45583
414,Jane,Kelley,jkelleybh@paginegialle.it,-8.3735,114.895
415,Walter,Stevens,wstevensbi@hao123.com,53.23958,20.17004
416,Martin,Miller,mmillerbj@webnode.com,38.02277,23.8576
417,Kelly,Turner,kturnerbk@blinklist.com,48.31071,25.09575
418,Dorothy,Kennedy,dkennedybl@ibm.com,-7.3372,107.9513
419,Diana,Bell,dbellbm@ehow.com,59.3326,18.0649
420,Margaret,Ward,mwardbn@ebay.co.uk,-8.1197,111.7935
421,Rebecca,Campbell,rcampbellbo@sourceforge.net,41.83333,26.08333
422,Antonio,Chapman,achapmanbp@plala.or.jp,-7.0937,108.3207
423,Sarah,Franklin,sfranklinbq@hibu.com,35.31495,46.99883
424,Fred,Alexander,falexanderbr@webmd.com,27.18096,31.18368
425,Johnny,Harrison,jharrisonbs@nhs.uk,-8.5038,115.0258
426,Nicole,Meyer,nmeyerbt@ox.ac.uk,35.39056,139.30778
427,Anne,Cunningham,acunninghambu@china.com.cn,51.38941,22.18637
428,Robin,Bailey,rbaileybv@nbcnews.com,36.1824,-79.806
429,Donald,Dean,ddeanbw@drupal.org,-6.8451,111.2719
430,Billy,Morales,bmoralesbx@sitemeter.com,14.55,-88.93333
431,Larry,Lawrence,llawrenceby@nifty.com,23.38543,116.50498
432,Diana,Rodriguez,drodriguezbz@jimdo.com,29.62172,105.69265
433,Brenda,Torres,btorresc0@eventbrite.com,50.96663,15.02495
434,Anne,Henry,ahenryc1@ask.com,-33.98056,18.46528
435,Robert,Howard,rhowardc2@baidu.com,59.8585,17.6454
436,Lois,Sims,lsimsc3@ucsd.edu,-3.23973,35.48747
437,Kathryn,Brooks,kbrooksc4@cam.ac.uk,49.83826,24.02324
438,Ruth,Patterson,rpattersonc5@tiny.cc,4.58361,114.2312
439,Joyce,Wright,jwrightc6@elpais.com,-6.8903,115.3155
440,Ashley,Bradley,abradleyc7@cnn.com,40.49748,44.7662
441,Marilyn,Pierce,mpiercec8@mlb.com,10.63504,-85.43772
442,Ronald,Hughes,rhughesc9@disqus.com,43.82076,41.90322
443,Emily,Edwards,eedwardsca@wufoo.com,40.32916,120.33653
444,Wayne,Young,wyoungcb@instagram.com,6.90083,124.64278
445,Beverly,Marshall,bmarshallcc@jimdo.com,43.46667,23.93333
446,David,Lawson,dlawsoncd@statcounter.com,-8.0087,111.467
447,Sara,Garrett,sgarrettce@123-reg.co.uk,31.59382,64.37161
448,Douglas,Stone,dstonecf@cyberchimps.com,22.9443,90.83005
449,Fred,Myers,fmyerscg@mysql.com,46.4417,39.675
450,Beverly,Peters,bpetersch@usatoday.com,61.31667,22.13333
451,Joyce,Little,jlittleci@hatena.ne.jp,14.89944,101.70833
452,Steven,Carr,scarrcj@walmart.com,39.6178,113.44835
453,Roger,Harris,rharrisck@eventbrite.com,24.03093,116.58771
454,Annie,Young,ayoungcl@amazon.co.uk,27.90372,89.72689
455,James,Romero,jromerocm@arizona.edu,-8.7115,122.3518
456,Timothy,Graham,tgrahamcn@tinypic.com,30.86667,114.8
457,Matthew,Ellis,mellisco@icq.com,-17.03333,30.43333
458,Larry,Cole,lcolecp@list-manage.com,8.25,-76.05
459,Kelly,King,kkingcq@nifty.com,12.59725,-85.7617
460,Bonnie,Perez,bperezcr@typepad.com,36.56667,137.13333
461,George,Banks,gbankscs@sohu.com,15.97439,102.66983
462,Arthur,Mason,amasonct@va.gov,51.43341,-114.03528
463,Betty,Austin,baustincu@netlog.com,-8.3053,116.6275
464,Randy,Mason,rmasoncv@ed.gov,14.3254,122.7124
465,Lois,Harris,lharriscw@last.fm,37.1803,-93.2951
466,Anna,Moore,amoorecx@last.fm,33.88333,135.15
467,Randy,Kelley,rkelleycy@globo.com,27.37889,109.27778
468,Jessica,Banks,jbankscz@twitter.com,-45.86414,-67.49656
469,Sean,Taylor,staylord0@google.es,61.23333,73.33333
470,Joseph,Kelly,jkellyd1@time.com,12.40386,4.64692
471,Sandra,Reid,sreidd2@nifty.com,-29.68417,-53.80694
472,Terry,Ramirez,tramirezd3@nps.gov,21.0186,-101.2591
473,Elizabeth,Foster,efosterd4@cafepress.com,30.1473,120.58174
474,Judy,Graham,jgrahamd5@wired.com,43.45706,42.09643
475,Ernest,Thomas,ethomasd6@cdbaby.com,-7.4301,108.7146
476,Roy,Lee,rleed7@europa.eu,-11.26527,-75.64722
477,Dorothy,Burton,dburtond8@seesaa.net,5.86638,-55.16682
478,William,Graham,wgrahamd9@linkedin.com,19.2707,-97.1862
479,Gary,Welch,gwelchda@businesswire.com,36.44766,10.7557
480,Martha,Weaver,mweaverdb@gizmodo.com,53.83734,16.43512
481,Eric,Martin,emartindc@rakuten.co.jp,51.1801,71.44598
482,Tina,Gray,tgraydd@paypal.com,55.4888,60.8767
483,Rachel,Coleman,rcolemande@unesco.org,-16.2325,39.90861
484,Timothy,Grant,tgrantdf@bluehost.com,31.8767,-102.4375
485,Howard,Campbell,hcampbelldg@google.com.au,40.23585,116.12478
486,Nancy,Young,nyoungdh@yellowbook.com,51.13999,17.17798
487,Carl,Bryant,cbryantdi@amazon.co.uk,11.77521,108.7848
488,James,Ray,jraydj@posterous.com,37.79763,22.79727
489,Sharon,Griffin,sgriffindk@reddit.com,40.08839,116.75002
490,Gloria,Morrison,gmorrisondl@goo.gl,30.17173,107.22991
491,Marilyn,Tucker,mtuckerdm@sphinn.com,45.70333,17.70278
492,Jose,Alexander,jalexanderdn@china.com.cn,7.16333,125.52111
493,Nancy,Black,nblackdo@elpais.com,-9.6996,119.436
494,Jessica,Gonzales,jgonzalesdp@wp.com,29.0838,-81.0336
495,Andrea,Cook,acookdq@uol.com.br,30.88453,114.37789
496,Lori,West,lwestdr@rakuten.co.jp,60.36593,28.60737
497,Phyllis,Simpson,psimpsonds@163.com,-6.926,113.7412
498,Elizabeth,Carter,ecarterdt@howstuffworks.com,35.20125,102.52117
499,Elizabeth,Frazier,efrazierdu@google.com,8.25,-81.66667
500,Sarah,Bennett,sbennettdv@ft.com,41.7333,-8.3
501,David,Vasquez,dvasquezdw@rakuten.co.jp,29.94341,120.16068
502,Matthew,Stevens,mstevensdx@studiopress.com,46.42611,14.08722
503,Donna,Thompson,dthompsondy@jimdo.com,8.49056,124.73722
504,Mark,Taylor,mtaylordz@mail.ru,24.74386,113.18841
505,Lillian,Ferguson,lfergusone0@ucoz.ru,54.1838,45.1749
506,Mark,Willis,mwillise1@mail.ru,12.36861,124.65972
507,Linda,Hayes,lhayese2@free.fr,-7.0458,108.0676
508,Jane,Rogers,jrogerse3@auda.org.au,57.7,14.1
509,Michelle,Young,myounge4@washington.edu,51.99006,22.55502
510,Charles,Gonzales,cgonzalese5@businessinsider.com,25,114.58333
511,Shawn,Ramos,sramose6@ed.gov,59.3173,18.255
512,Deborah,Ray,draye7@wiley.com,10.95756,-72.78769
513,Alan,Miller,amillere8@angelfire.com,15.63739,101.61671
514,Marie,Lopez,mlopeze9@wikipedia.org,30.033,-89.8826
515,Alice,Harrison,aharrisonea@ucsd.edu,-7.1609,111.5954
516,Kathryn,Montgomery,kmontgomeryeb@nature.com,-6.9131,113.2513
517,Irene,King,ikingec@joomla.org,-15.59611,-56.09667
518,Debra,Morgan,dmorganed@de.vu,53.39137,19.15509
519,Phillip,Mitchell,pmitchellee@businessweek.com,59.26667,32.85
520,Ronald,Thomas,rthomasef@nsw.gov.au,39.87326,44.66984
521,Kimberly,Marshall,kmarshalleg@freewebs.com,51.78993,21.59122
522,Todd,Flores,tfloreseh@soup.io,-37.66776,-63.53022
523,Jimmy,Bell,jbellei@squidoo.com,-7.5979,108.6716
524,Denise,Porter,dporterej@slideshare.net,30.86667,114.8
525,Janice,Grant,jgrantek@bloglines.com,30.45906,31.17858
526,Jonathan,Martinez,jmartinezel@godaddy.com,48.4,-4.4833
527,Amy,Ward,awardem@addthis.com,15.45776,43.63226
528,Arthur,Fox,afoxen@marketwatch.com,60.62879,28.57048
529,Louis,Romero,lromeroeo@ycombinator.com,34.36352,107.69618
530,Ernest,Hicks,ehicksep@zdnet.com,38.4,-8.7667
531,Annie,Myers,amyerseq@howstuffworks.com,34.61588,-5.7404
532,Louise,Jacobs,ljacobser@foxnews.com,-18.03111,-41.685
533,Rachel,Bell,rbelles@mozilla.com,53.6238,27.8977
534,Peter,Watson,pwatsonet@tripod.com,35.58908,68.90093
535,Joan,Johnson,jjohnsoneu@blogtalkradio.com,54.6,24.16667
536,Andrea,Perkins,aperkinsev@scribd.com,49.96008,14.31979
537,Irene,Flores,ifloresew@bbc.co.uk,24.98271,118.8979
538,Alice,Arnold,aarnoldex@jalbum.net,13.18333,-59.56667
539,Anna,Gomez,agomezey@nbcnews.com,48,-4.1
540,Cynthia,Grant,cgrantez@rambler.ru,36.68333,71.53333
541,George,Harper,gharperf0@storify.com,-12.23861,-75.74528
542,Sean,Simmons,ssimmonsf1@craigslist.org,18.14589,100.14103
543,Johnny,Schmidt,jschmidtf2@dell.com,45.8855,6.0883
544,Johnny,Wagner,jwagnerf3@wisc.edu,40.3256,49.73376
545,Gary,Mitchell,gmitchellf4@linkedin.com,25.93603,116.88415
546,Jonathan,Price,jpricef5@wordpress.org,54.00513,37.52194
547,Beverly,Walker,bwalkerf6@hexun.com,38.4269,48.4839
548,Edward,Davis,edavisf7@google.ru,27.66826,119.78467
549,Doris,Hawkins,dhawkinsf8@wordpress.org,32.03317,34.89091
550,Jane,Clark,jclarkf9@mail.ru,-8.6343,116.3714
551,Daniel,Hayes,dhayesfa@miibeian.gov.cn,60.40783,57.08199
552,Sharon,Hernandez,shernandezfb@google.ru,48.63328,38.37804
553,Michael,Peters,mpetersfc@thetimes.co.uk,31.11214,112.43476
554,Billy,Anderson,bandersonfd@zdnet.com,-8.1996,114.3582
555,Amanda,Fox,afoxfe@loc.gov,42.4667,-2.45
556,Brian,Hudson,bhudsonff@theglobeandmail.com,38.05,23.86667
557,Kathryn,Banks,kbanksfg@1und1.de,-6.926,113.7412
558,Sara,Kim,skimfh@geocities.jp,25.92785,118.68889
559,Kelly,Griffin,kgriffinfi@seesaa.net,51.9157,39.33609
560,Joyce,Chavez,jchavezfj@marriott.com,26.40238,112.85908
561,Kathleen,Hill,khillfk@marketwatch.com,55.71927,39.73835
562,Cheryl,Nelson,cnelsonfl@scribd.com,5.57782,-74.88521
563,Lawrence,Robertson,lrobertsonfm@businessweek.com,9.741,123.5098
564,Ruth,Cunningham,rcunninghamfn@prlog.org,21.61004,110.84856
565,Larry,Davis,ldavisfo@ft.com,50.51996,21.44192
566,Amanda,Rivera,ariverafp@examiner.com,52.3195,20.26257
567,Jacqueline,Ward,jwardfq@purevolume.com,50.7633,37.86402
568,Phyllis,Wilson,pwilsonfr@bbc.co.uk,46.7361,15.4444
569,Juan,Stephens,jstephensfs@unicef.org,52.9569,31.9703
570,Deborah,Murphy,dmurphyft@indiegogo.com,29.84182,118.91181
571,Amanda,Sullivan,asullivanfu@studiopress.com,31.21014,-9.70864
572,Donald,Martinez,dmartinezfv@skype.com,53.45083,-6.15444
573,Jeffrey,Ruiz,jruizfw@plala.or.jp,29.7329,121.40367
574,Patrick,Reyes,preyesfx@constantcontact.com,16.271,-61.5045
575,Jane,Palmer,jpalmerfy@hao123.com,-30.51222,-53.49139
576,Frank,Powell,fpowellfz@vk.com,29.91369,108.02711
577,Gary,Hart,ghartg0@shutterfly.com,38.3667,-7.4667
578,Kimberly,Mendoza,kmendozag1@so-net.ne.jp,7.35572,7.89303
579,Brenda,Castillo,bcastillog2@narod.ru,4.56639,-75.75111
580,Kevin,Howell,khowellg3@bizjournals.com,39.8367,-8.56
581,Shawn,Day,sdayg4@elpais.com,3.3644,172.98352
582,Mildred,Palmer,mpalmerg5@comcast.net,44.6201,4.3899
583,Lillian,Watkins,lwatkinsg6@google.es,37.06306,114.49417
584,Kathleen,Reid,kreidg7@statcounter.com,18.73583,-72.4175
585,Albert,Riley,arileyg8@shop-pro.jp,4.6216,96.7228
586,Jacqueline,Anderson,jandersong9@alibaba.com,18.72771,109.59682
587,Joyce,Kelly,jkellyga@gravatar.com,41.3333,-8.6
588,Lillian,Bryant,lbryantgb@printfriendly.com,10.59606,122.5899
589,Michael,Dunn,mdunngc@skyrock.com,19.69667,-72.15694
590,Deborah,Williamson,dwilliamsongd@marketwatch.com,41.2667,-8.4694
591,Juan,Sullivan,jsullivange@google.com.au,41.15,-8.5111
592,Andrea,Green,agreengf@woothemes.com,-7.51611,109.05389
593,Mary,Medina,mmedinagg@google.cn,44.80401,20.46513
594,Billy,Reed,breedgh@friendfeed.com,-54.28111,-36.5092
595,Samuel,Parker,sparkergi@lulu.com,29.17997,119.86984
596,Bruce,Gibson,bgibsongj@state.tx.us,43.3,-0.3667
597,Michael,Arnold,marnoldgk@digg.com,66.65722,66.41833
598,Harry,Martin,hmartingl@sakura.ne.jp,6.48568,-75.39496
599,Martha,Williamson,mwilliamsongm@trellian.com,-6.81482,106.40417
600,Patrick,White,pwhitegn@cocolog-nifty.com,32.64456,35.94097
601,Frank,Romero,fromerogo@hatena.ne.jp,5.9765,116.1158
602,Paul,Simpson,psimpsongp@so-net.ne.jp,51.216,7.1418
603,Howard,Taylor,htaylorgq@histats.com,13.1,-59.61667
604,Frank,Henderson,fhendersongr@biblegateway.com,-4.83389,-37.78111
605,Angela,Sims,asimsgs@wikimedia.org,-7.32861,-35.3325
606,John,Hicks,jhicksgt@japanpost.jp,56.1833,14.75
607,Samuel,Meyer,smeyergu@admin.ch,38.05,21.38333
608,Willie,Gilbert,wgilbertgv@1688.com,25.1725,118.11583
609,Debra,Lawrence,dlawrencegw@acquirethisname.com,44.68291,129.67523
610,Diana,Carpenter,dcarpentergx@vistaprint.com,22.93333,57.53333
611,Shawn,Jordan,sjordangy@nhs.uk,29.79167,118.21528
612,Kelly,Hayes,khayesgz@vimeo.com,40.64581,140.58354
613,Heather,Alexander,halexanderh0@ustream.tv,-7.308,108.2558
614,Sarah,Hanson,shansonh1@opensource.org,20.4703,-100.815
615,Terry,Diaz,tdiazh2@samsung.com,52.644,28.8801
616,Robert,Phillips,rphillipsh3@msn.com,52.7264,32.2334
617,Kathryn,Carr,kcarrh4@wiley.com,40.83464,120.41781
618,Matthew,Grant,mgranth5@statcounter.com,51.129,6.4386
619,Ashley,Richards,arichardsh6@samsung.com,-7.7543,113.2159
620,Matthew,Bailey,mbaileyh7@typepad.com,-36.9982,174.86019
621,Thomas,Porter,tporterh8@sphinn.com,45.84121,39.02379
622,Ryan,Brooks,rbrooksh9@kickstarter.com,-27.43333,-55.16667
623,Craig,Diaz,cdiazha@jugem.jp,34.84,-115.9671
624,Lawrence,Gomez,lgomezhb@elegantthemes.com,61.13336,149.63283
625,Sandra,Cook,scookhc@newyorker.com,53.07822,85.65364
626,Lois,Henry,lhenryhd@example.com,46.73336,-72.56581
627,Patricia,Fowler,pfowlerhe@sbwire.com,-0.45602,100.40521
628,Anne,Montgomery,amontgomeryhf@digg.com,7.15611,124.69111
629,Kathryn,Mills,kmillshg@topsy.com,34.80447,136.54645
630,Christina,Bailey,cbaileyhh@cnet.com,59.52867,29.96396
631,Willie,Chapman,wchapmanhi@hubpages.com,-7.2071,107.9469
632,Katherine,Ray,krayhj@yahoo.co.jp,-6.7128,111.2765
633,Kathy,Wallace,kwallacehk@jiathis.com,-31.97542,-64.5559
634,Evelyn,Boyd,eboydhl@home.pl,-23.20898,-64.09605
635,Timothy,Wood,twoodhm@lulu.com,45.26853,38.15376
636,Richard,Griffin,rgriffinhn@moonfruit.com,41.7458,-87.6054
637,Annie,Burke,aburkeho@google.co.jp,52.903,28.6845
638,Emily,Lee,eleehp@bluehost.com,-18.81667,49.06667
639,Tammy,Payne,tpaynehq@theatlantic.com,56.2428,12.8622
640,Roy,Morris,rmorrishr@a8.net,46.3941,14.50659
641,Jessica,Pierce,jpiercehs@i2i.jp,23.76992,116.67166
642,Rebecca,Little,rlittleht@sakura.ne.jp,47.9804,20.9354
643,Martha,Martinez,mmartinezhu@wikimedia.org,-6.6945,111.5641
644,Sara,Gonzales,sgonzaleshv@qq.com,-15.01667,-69.36667
645,Benjamin,Daniels,bdanielshw@blog.com,4.52271,-76.03738
646,Janice,Lawrence,jlawrencehx@arstechnica.com,-7.0438,108.1819
647,Joseph,Taylor,jtaylorhy@tiny.cc,-19.16,-45.44583
648,Martin,Evans,mevanshz@wunderground.com,45.6961,4.9389
649,Juan,Robinson,jrobinsoni0@tripadvisor.com,-22.92306,-53.13722
650,Philip,Hill,philli1@4shared.com,41.0938,-85.0707
651,Fred,Dean,fdeani2@sakura.ne.jp,45.95139,40.70056
652,Scott,Spencer,sspenceri3@unblog.fr,48.76124,14.73502
653,Jane,Carter,jcarteri4@surveymonkey.com,33.30987,87.75467
654,Donna,Williams,dwilliamsi5@cyberchimps.com,53.7038,40.1109
655,Martin,Collins,mcollinsi6@google.co.jp,17.6812,-98.8163
656,Jerry,Fields,jfieldsi7@yahoo.co.jp,-4.23116,-69.93858
657,Anthony,Baker,abakeri8@cdc.gov,45.60667,15.46194
658,Jeffrey,Lawrence,jlawrencei9@goodreads.com,7.90844,9.61688
659,David,West,dwestia@fastcompany.com,13.4633,123.3765
660,Gregory,Nelson,gnelsonib@stumbleupon.com,45.54545,126.97703
661,Patrick,Spencer,pspenceric@biglobe.ne.jp,37.4,85.86667
662,Randy,Armstrong,rarmstrongid@trellian.com,12.05,24.88333
663,Ralph,Carr,rcarrie@washingtonpost.com,4.53282,-76.10318
664,Anthony,Flores,afloresif@sfgate.com,41.35,-8.3
665,Sean,Scott,sscottig@abc.net.au,-39.23686,-70.9197
666,Irene,Henry,ihenryih@youku.com,13.91667,-15.93333
667,Patrick,Parker,pparkerii@si.edu,-14.06777,-75.72861
668,Sarah,Willis,swillisij@cbc.ca,-18.48923,-64.10609
669,George,Ramos,gramosik@google.it,22.4,-79.96667
670,Cheryl,Franklin,cfranklinil@ted.com,55.6759,12.5655
671,John,Vasquez,jvasquezim@4shared.com,15.85053,100.07914
672,Lisa,Hughes,lhughesin@pagesperso-orange.fr,-7.67916,107.80295
673,Judith,Bradley,jbradleyio@diigo.com,51.381,58.9813
674,Sandra,Hamilton,shamiltonip@usatoday.com,35.83917,38.74288
675,Arthur,Porter,aporteriq@google.ru,34.6459,103.47198
676,Louis,Richardson,lrichardsonir@spiegel.de,49.31689,17.46374
677,Gerald,Robertson,grobertsonis@hugedomains.com,20.00722,105.97044
678,Jane,Martin,jmartinit@globo.com,50.30933,17.09871
679,Nicole,Romero,nromeroiu@narod.ru,10.17412,106.11051
680,Susan,Chavez,schaveziv@time.com,-7.5734,108.1319
681,Sandra,Johnston,sjohnstoniw@shutterfly.com,-36.05463,-63.56428
682,Bruce,Lee,bleeix@storify.com,50.46741,15.17619
683,Phillip,Cooper,pcooperiy@arstechnica.com,-3.4884,104.8376
684,Amanda,West,awestiz@storify.com,13.88282,45.86859
685,Kenneth,Martinez,kmartinezj0@a8.net,-9.6336,119.5446
686,Mary,Lynch,mlynchj1@state.tx.us,9.6006,124.0142
687,Angela,Cole,acolej2@ihg.com,49.47167,6.36583
688,Douglas,Thompson,dthompsonj3@quantcast.com,31.01469,119.02264
689,Theresa,Williamson,twilliamsonj4@patch.com,-10.6184,121.5991
690,Phyllis,Vasquez,pvasquezj5@shareasale.com,50.16819,14.05458
691,Brandon,Ferguson,bfergusonj6@si.edu,48.94806,14.54131
692,Alice,Cox,acoxj7@opensource.org,32.06308,121.54158
693,Albert,Olson,aolsonj8@goo.gl,12.5311,-13.1224
694,Carolyn,Boyd,cboydj9@biglobe.ne.jp,50.03035,20.66279
695,Nicholas,Morales,nmoralesja@about.com,31.23513,121.52759
696,Brandon,Richards,brichardsjb@patch.com,3.65685,-76.68859
697,Nicholas,Johnson,njohnsonjc@vinaora.com,44.9219,19.49543
698,Janet,Reynolds,jreynoldsjd@noaa.gov,9.85065,-83.6169
699,Lawrence,Kennedy,lkennedyje@unesco.org,60.0122,30.20897
700,Matthew,Schmidt,mschmidtjf@ycombinator.com,58.19398,49.52137
701,George,Baker,gbakerjg@flavors.me,36.06739,139.67498
702,Victor,Wheeler,vwheelerjh@amazonaws.com,29.82356,116.40992
703,Karen,Mitchell,kmitchellji@shareasale.com,51.90181,21.55818
704,Jack,West,jwestjj@github.com,13.2233,120.596
705,Roy,Ruiz,rruizjk@weather.com,27.63188,116.2704
706,Eric,Dean,edeanjl@dion.ne.jp,33.3802,-7.62105
707,Annie,Morris,amorrisjm@networksolutions.com,39.5645,-75.597
708,George,Pierce,gpiercejn@amazon.co.jp,-13.63,-72.23333
709,Samuel,Banks,sbanksjo@irs.gov,36.0649,69.13343
710,Mildred,Moreno,mmorenojp@washington.edu,59.8393,30.49873
711,Richard,Hanson,rhansonjq@nifty.com,-7.6752,114.0644
712,Shirley,Butler,sbutlerjr@goo.ne.jp,6.20593,31.55633
713,Dennis,Arnold,darnoldjs@statcounter.com,9.82005,-84.93513
714,Virginia,Gray,vgrayjt@cocolog-nifty.com,48.42851,23.6959
715,Diane,White,dwhiteju@macromedia.com,48.8919,2.239
716,Shirley,Brooks,sbrooksjv@google.co.jp,-13.62015,29.3939
717,Bobby,Ray,brayjw@topsy.com,45.3639,5.5921
718,Joan,James,jjamesjx@europa.eu,31.37952,34.91246
719,Michael,Harvey,mharveyjy@uiuc.edu,49.1162,-1.0903
720,Gerald,Flores,gfloresjz@fc2.com,47.75,7.3333
721,James,Fields,jfieldsk0@hatena.ne.jp,-8.1135,111.9474
722,Beverly,Jones,bjonesk1@va.gov,-6.8864,111.583
723,Lisa,Perry,lperryk2@intel.com,42.2399,-83.1508
724,Joe,Carter,jcarterk3@csmonitor.com,19.24299,108.7559
725,Dennis,Jackson,djacksonk4@va.gov,25.52644,119.08881
726,Lori,Gibson,lgibsonk5@va.gov,7.58667,122.80278
727,Albert,Griffin,agriffink6@cocolog-nifty.com,-8.1745,122.8955
728,Melissa,Powell,mpowellk7@imageshack.us,-8.246,114.9778
729,Martha,Edwards,medwardsk8@pbs.org,-14.30778,-72.13611
730,Helen,Gilbert,hgilbertk9@aol.com,30.24706,115.04814
731,Judy,Martin,jmartinka@ifeng.com,34.7887,107.48972
732,Gerald,Payne,gpaynekb@microsoft.com,50.72372,-121.28207
733,Jennifer,Parker,jparkerkc@homestead.com,42.0778,-8.2833
734,Nancy,White,nwhitekd@behance.net,31.78333,34.75
735,Lori,Stanley,lstanleyke@census.gov,22.83713,114.16477
736,Sarah,Foster,sfosterkf@hc360.com,50.26711,12.89708
737,Timothy,Moreno,tmorenokg@dagondesign.com,39.73739,115.53374
738,Willie,Gonzales,wgonzaleskh@wsj.com,-11.73642,-75.44356
739,Clarence,Stephens,cstephenski@youku.com,38.3,101.6
740,Jean,Clark,jclarkkj@artisteer.com,56.33157,28.89884
741,Michael,Garcia,mgarciakk@zdnet.com,32.98417,113.97222
742,Ralph,Simmons,rsimmonskl@gov.uk,33.15917,129.72278
743,Martha,Reyes,mreyeskm@rambler.ru,34.74858,107.01279
744,Steven,Reed,sreedkn@census.gov,40.13857,116.12856
745,Catherine,Ward,cwardko@goo.gl,24.74584,116.19518
746,Earl,Jones,ejoneskp@telegraph.co.uk,12.82736,101.20273
747,Julie,Harper,jharperkq@tumblr.com,52.3666,4.9027
748,Diana,Hicks,dhickskr@cnn.com,50.35699,13.79667
749,Antonio,Miller,amillerks@eventbrite.com,30.6664,92.36563
750,Albert,Lewis,alewiskt@ask.com,12.62791,9.39119
751,Maria,Wheeler,mwheelerku@blogs.com,-29.40111,-51.945
752,Barbara,Peters,bpeterskv@shinystat.com,43.5002,45.08574
753,Craig,Reid,creidkw@chicagotribune.com,54.3656,81.8994
754,Debra,Meyer,dmeyerkx@seattletimes.com,46.05996,126.55224
755,Mark,Simmons,msimmonsky@dion.ne.jp,3.64333,97.46279
756,Alice,Jackson,ajacksonkz@google.com,29.9,59.98333
757,Doris,Jenkins,djenkinsl0@t.co,-7.0558,106.8946
758,Larry,Morrison,lmorrisonl1@yahoo.com,39.2167,-8.4958
759,Jeremy,White,jwhitel2@ucoz.ru,43.0667,0.15
760,Kathryn,Franklin,kfranklinl3@economist.com,27.0011,-101.8941
761,Benjamin,Carpenter,bcarpenterl4@timesonline.co.uk,7.67395,-5.58086
762,Carol,Marshall,cmarshalll5@reddit.com,50.27985,35.98178
763,George,Moreno,gmorenol6@fda.gov,53.50332,34.38847
764,Todd,Wheeler,twheelerl7@springer.com,12.36532,13.8293
765,Angela,Flores,afloresl8@statcounter.com,53.19534,20.47637
766,Patricia,Hunter,phunterl9@eepurl.com,-8.2798,120.409
767,Jonathan,Fernandez,jfernandezla@foxnews.com,-8.009,113.8716
768,Kelly,Martin,kmartinlb@simplemachines.org,27.99504,115.69898
769,Henry,Gomez,hgomezlc@ning.com,38.5167,-9.0167
770,Harry,Watkins,hwatkinsld@mozilla.org,17.67967,120.35883
771,Phillip,Cunningham,pcunninghamle@cbslocal.com,-25.38611,-57.14028
772,Rachel,Cook,rcooklf@t-online.de,63.65,26.61667
773,Henry,Hamilton,hhamiltonlg@typepad.com,14.71667,-91.3
774,Richard,Lewis,rlewislh@digg.com,-26.4077,-61.41368
775,Donna,Ramos,dramosli@nbcnews.com,49.62381,18.22189
776,Walter,Hicks,whickslj@yandex.ru,43.20348,46.13214
777,George,Fox,gfoxlk@wikimedia.org,-7.3524,108.6761
778,Doris,Boyd,dboydll@oakley.com,57.9437,55.3396
779,Johnny,Gray,jgraylm@friendfeed.com,-25.53333,-56.73333
780,Diana,Wells,dwellsln@jugem.jp,-7.0137,107.8771
781,William,Harris,wharrislo@usa.gov,-6.7469,111.043
782,Carolyn,Peterson,cpetersonlp@miitbeian.gov.cn,40.6681,-111.9083
783,Antonio,Dean,adeanlq@discovery.com,34.73564,105.32632
784,Rachel,Foster,rfosterlr@samsung.com,48.5888,2.2467
785,Arthur,Garza,agarzals@is.gd,40.17972,21.99444
786,Fred,Gomez,fgomezlt@ow.ly,-22.49472,-48.55806
787,Sean,Armstrong,sarmstronglu@histats.com,63.75,25.33333
788,Ronald,Hicks,rhickslv@wp.com,56.89375,65.89378
789,Gloria,Wheeler,gwheelerlw@loc.gov,10.5324,123.7195
790,Ronald,Palmer,rpalmerlx@shareasale.com,5.1009,6.81411
791,Kimberly,Kelley,kkelleyly@oracle.com,52.24278,20.10301
792,Jeffrey,Bell,jbelllz@xinhuanet.com,-17.15778,-70.35222
793,Lisa,Griffin,lgriffinm0@tuttocitta.it,30.07346,89.10472
794,Cynthia,Lee,cleem1@paypal.com,34.69414,109.1156
795,Keith,Simpson,ksimpsonm2@technorati.com,-28.72472,-52.84972
796,Fred,Clark,fclarkm3@kickstarter.com,52.65599,41.88461
797,Virginia,Hudson,vhudsonm4@technorati.com,27.11716,114.97927
798,Annie,Carpenter,acarpenterm5@pbs.org,37.62719,120.79682
799,Emily,Woods,ewoodsm6@indiegogo.com,31.37762,120.9543
800,Carlos,Wood,cwoodm7@sourceforge.net,2.9264,101.6964
801,Ryan,Harvey,rharveym8@list-manage.com,25.48973,119.04086
802,Jennifer,Wood,jwoodm9@twitter.com,29.6813,-82.3539
803,Michelle,Armstrong,marmstrongma@list-manage.com,10.79115,-74.76059
804,Keith,Phillips,kphillipsmb@epa.gov,13.95532,7.67122
805,Beverly,Carpenter,bcarpentermc@altervista.org,9.5694,123.3128
806,Anne,Campbell,acampbellmd@soundcloud.com,17.29484,-62.7261
807,Donna,Owens,dowensme@squidoo.com,41.231,-8.5238
808,Keith,Murray,kmurraymf@blogspot.com,-8.5408,115.1191
809,Lawrence,Cole,lcolemg@is.gd,-8.5437,115.1036
810,Aaron,Campbell,acampbellmh@msu.edu,13.9877,44.2749
811,Steven,Young,syoungmi@is.gd,53.09855,34.06728
812,Debra,Mendoza,dmendozamj@bbc.co.uk,32.03362,106.65267
813,Stephen,Marshall,smarshallmk@spiegel.de,50.03437,19.21037
814,Pamela,Owens,powensml@sciencedaily.com,0.50222,31.04139
815,Betty,Alexander,balexandermm@skype.com,22.09482,111.08843
816,Dennis,Baker,dbakermn@jugem.jp,29.37861,106.54
817,Stephanie,Cunningham,scunninghammo@geocities.jp,36.8,137.4
818,Linda,Olson,lolsonmp@mtv.com,12.51667,-69.95
819,Carlos,Garza,cgarzamq@nps.gov,34.64167,119.23333
820,Ryan,Johnston,rjohnstonmr@hexun.com,-3.52105,23.6005
821,Russell,George,rgeorgems@adobe.com,45.0705,7.6868
822,Janice,Garcia,jgarciamt@vkontakte.ru,41.93778,20.01111
823,Peter,Reyes,preyesmu@mozilla.org,32.95409,105.69676
824,Clarence,Lynch,clynchmv@marketwatch.com,5.75979,-72.82583
825,Michael,Griffin,mgriffinmw@constantcontact.com,-8.5413,115.12522
826,Virginia,Evans,vevansmx@ameblo.jp,-19.51889,-41.01583
827,Walter,Bishop,wbishopmy@tumblr.com,45.55655,94.36449
828,Aaron,Cole,acolemz@ustream.tv,45.7485,4.8467
829,Eugene,Harris,eharrisn0@go.com,45.94715,128.03706
830,Russell,Matthews,rmatthewsn1@baidu.com,48.47092,24.94678
831,Patricia,Rodriguez,prodriguezn2@reuters.com,20.73668,-76.32646
832,James,Bishop,jbishopn3@prlog.org,31.79702,118.96073
833,Alan,Duncan,aduncann4@fda.gov,34.15501,109.95423
834,Justin,Jordan,jjordann5@telegraph.co.uk,20.29227,106.33274
835,Marilyn,Riley,mrileyn6@berkeley.edu,53.11865,19.84594
836,Phyllis,Perez,pperezn7@prnewswire.com,41.0932,-8.5045
837,Dorothy,Gordon,dgordonn8@sun.com,-7.1026,107.7641
838,Phyllis,Gilbert,pgilbertn9@google.com.br,5.06667,-74.56667
839,Matthew,Ray,mrayna@myspace.com,4.83916,-75.66726
840,Edward,Jacobs,ejacobsnb@ustream.tv,7.97083,124.34528
841,Roy,Kelley,rkelleync@yellowbook.com,39.7467,-104.8384
842,Patrick,Boyd,pboydnd@cnbc.com,49.11392,16.72156
843,Patrick,Price,ppricene@auda.org.au,48.3724,2.8171
844,Rachel,Gibson,rgibsonnf@moonfruit.com,28.43905,48.49132
845,David,Sims,dsimsng@comsenz.com,-16.66667,46.1
846,Justin,Matthews,jmatthewsnh@reverbnation.com,17.42782,121.76955
847,Scott,Davis,sdavisni@slashdot.org,12.13333,-68.26667
848,Jeffrey,Hall,jhallnj@cornell.edu,47.2173,-1.5534
849,Johnny,Gomez,jgomeznk@yale.edu,47.31187,130.28027
850,Martin,Bennett,mbennettnl@ebay.com,45.72727,112.35563
851,David,George,dgeorgenm@huffingtonpost.com,-8.0527,111.8653
852,Victor,Hansen,vhansennn@weibo.com,9.00814,1.6654
853,Pamela,Frazier,pfrazierno@salon.com,-30.74485,-59.64566
854,Martha,Wallace,mwallacenp@cornell.edu,51.83313,18.39789
855,Kenneth,Ortiz,kortiznq@pagesperso-orange.fr,-10.84712,122.86473
856,Anne,Watson,awatsonnr@wordpress.org,49.78333,23.86667
857,Roger,Sanders,rsandersns@dailymotion.com,21.14053,105.50686
858,Brian,Dunn,bdunnnt@spotify.com,-6.4334,105.9098
859,Michelle,George,mgeorgenu@themeforest.net,32.17195,110.14487
860,Stephen,Stephens,sstephensnv@un.org,-10.07722,-76.21194
861,Roy,Bowman,rbowmannw@utexas.edu,39.2167,-9.2167
862,Rose,Harrison,rharrisonnx@cyberchimps.com,-12.34639,44.52861
863,David,Ortiz,dortizny@smh.com.au,51.41867,15.90172
864,Christine,Porter,cporternz@studiopress.com,-8.3828,124.1307
865,Phyllis,Montgomery,pmontgomeryo0@loc.gov,58.5942,16.1826
866,Sean,Moreno,smorenoo1@pbs.org,13.73321,-84.77725
867,Denise,Nguyen,dnguyeno2@dmoz.org,34.99881,104.64
868,Andrea,Cooper,acoopero3@dyndns.org,-39.36708,-72.63087
869,Stephanie,Carpenter,scarpentero4@salon.com,32.7714,-97.2915
870,Theresa,Romero,tromeroo5@taobao.com,51.40944,46.04833
871,Dorothy,Nelson,dnelsono6@163.com,40.5973,-74.0768
872,Norma,Marshall,nmarshallo7@cbslocal.com,40.3456,-1.1065
873,Gary,Fields,gfieldso8@twitpic.com,27.8582,-101.1699
874,Amanda,Castillo,acastilloo9@com.com,-20.2975,57.72556
875,Patrick,Moreno,pmorenooa@cocolog-nifty.com,32.36608,120.24107
876,Carolyn,Kelley,ckelleyob@diigo.com,28.99242,116.66754
877,Kimberly,Sullivan,ksullivanoc@comsenz.com,41.5854,-8.5229
878,Kathleen,Fisher,kfisherod@theguardian.com,52.7873,14.49346
879,Willie,Richards,wrichardsoe@usa.gov,-8.4287,117.1631
880,Heather,Morrison,hmorrisonof@yale.edu,-6.8954,113.5713
881,Jesse,Gibson,jgibsonog@washington.edu,-8.6199,122.2111
882,Catherine,Williamson,cwilliamsonoh@cnn.com,8.26667,5.83333
883,Heather,Hughes,hhughesoi@angelfire.com,-3.10222,-67.93972
884,Gregory,Kennedy,gkennedyoj@theguardian.com,30.36715,120.79531
885,Timothy,Hudson,thudsonok@com.com,45.48778,64.07806
886,Andrew,Ferguson,afergusonol@dell.com,-7.0189,106.9553
887,Paul,Clark,pclarkom@paginegialle.it,40.9667,-7.35
888,Carol,Freeman,cfreemanon@wufoo.com,35.27997,100.07086
889,Judith,Matthews,jmatthewsoo@liveinternet.ru,43.51118,44.58821
890,Karen,Hunter,khunterop@huffingtonpost.com,1.5852,110.3723
891,Victor,Ross,vrossoq@unc.edu,33.9769,106.65192
892,Helen,Jenkins,hjenkinsor@goo.gl,52.747,87.7545
893,Christine,Stevens,cstevensos@ifeng.com,-2.00082,-54.08102
894,Steven,Jordan,sjordanot@wix.com,-8.0776,113.2104
895,Kimberly,Barnes,kbarnesou@geocities.jp,41.65028,19.62
896,Juan,Franklin,jfranklinov@columbia.edu,47.4497,-122.3076
897,Richard,Cooper,rcooperow@vk.com,28.889,107.594
898,Deborah,Marshall,dmarshallox@cbsnews.com,14.327,100.40433
899,Cheryl,Diaz,cdiazoy@shareasale.com,-9.38412,-76.00505
900,Jack,Vasquez,jvasquezoz@theguardian.com,-8.1069,113.2114
901,Craig,Rose,crosep0@guardian.co.uk,32.97759,106.46881
902,Steve,Nelson,snelsonp1@ehow.com,38.8779,-6.9706
903,Cheryl,Young,cyoungp2@flickr.com,-9.5324,119.669
904,Patricia,Washington,pwashingtonp3@umn.edu,32.7673,-96.7776
905,Debra,Carter,dcarterp4@accuweather.com,50.03339,-66.86545
906,Peter,Adams,padamsp5@mlb.com,31.46486,120.64515
907,Ralph,Ferguson,rfergusonp6@liveinternet.ru,17.5404,120.7188
908,Melissa,Hart,mhartp7@yolasite.com,55.6759,12.5655
909,Diane,Grant,dgrantp8@google.ru,-7.3698,108.1614
910,Judith,Pierce,jpiercep9@com.com,-8.2219,111.9507
911,Lois,Snyder,lsnyderpa@example.com,-13.8575,-40.08361
912,Angela,Reed,areedpb@webnode.com,47.2488,6.0182
913,Alice,Griffin,agriffinpc@about.me,53.2264,78.9845
914,Julie,Bryant,jbryantpd@alexa.com,44.80794,19.43508
915,Thomas,Scott,tscottpe@marketwatch.com,-7.0504,113.6357
916,Ernest,Mason,emasonpf@printfriendly.com,-28.87185,28.04501
917,Kathryn,Gomez,kgomezpg@bandcamp.com,35.6,138.93333
918,Jose,Frazier,jfrazierph@imgur.com,41.9,-8.4333
919,Lawrence,Montgomery,lmontgomerypi@printfriendly.com,17.08731,120.97685
920,Larry,Harper,lharperpj@blog.com,6.95861,122.14833
921,Juan,Garza,jgarzapk@mysql.com,7.61548,100.32842
922,Patricia,Payne,ppaynepl@github.io,-25.23,-50.60444
923,Linda,Hanson,lhansonpm@webmd.com,-7.33561,-47.46218
924,Joseph,Burns,jburnspn@theglobeandmail.com,39.3213,-9.3143
925,Henry,Morris,hmorrispo@ameblo.jp,50.2466,18.04865
926,Scott,Griffin,sgriffinpp@posterous.com,14.15,-87.03333
927,Ruth,Peters,rpeterspq@behance.net,29.50687,71.21917
928,Mary,Allen,mallenpr@aboutads.info,1.08142,100.24475
929,Judy,Green,jgreenps@paypal.com,30.72788,112.82697
930,Paul,Carter,pcarterpt@webeden.co.uk,37.68426,22.71355
931,Norma,Campbell,ncampbellpu@usda.gov,48,-4.1
932,Maria,Walker,mwalkerpv@bloglines.com,52.67472,-6.2925
933,Katherine,Parker,kparkerpw@vimeo.com,5.32479,163.00781
934,Russell,Hall,rhallpx@yelp.com,-8.4287,117.1631
935,Amanda,Perry,aperrypy@globo.com,23.20969,113.26328
936,Johnny,Robertson,jrobertsonpz@ask.com,-8.4091,122.7873
937,Janice,Bailey,jbaileyq0@va.gov,-8.0522,112.8099
938,Louis,Perez,lperezq1@state.tx.us,18.8317,-97.1725
939,Norma,Stanley,nstanleyq2@yolasite.com,43.6375,-84.2568
940,Ruby,Evans,revansq3@intel.com,1.72693,99.96284
941,Ronald,Smith,rsmithq4@umich.edu,35.94389,126.95444
942,Louis,Gilbert,lgilbertq5@columbia.edu,18.29504,-77.95112
943,Howard,Anderson,handersonq6@nifty.com,-20.2175,57.52083
944,Donna,Weaver,dweaverq7@123-reg.co.uk,-7.481,108.7921
945,Lois,Moore,lmooreq8@dedecms.com,-8.2197,111.3751
946,Karen,Little,klittleq9@aboutads.info,38.9982,-77.0338
947,David,Lee,dleeqa@meetup.com,54.63858,22.76316
948,Johnny,Ryan,jryanqb@engadget.com,30.30646,120.17272
949,Jack,Stevens,jstevensqc@google.nl,45.1285,85.04457
950,Donna,Simpson,dsimpsonqd@people.com.cn,13.85493,44.7058
951,Ronald,Spencer,rspencerqe@meetup.com,-27.09028,-48.61139
952,Kevin,Oliver,koliverqf@so-net.ne.jp,-7.0044,108.5409
953,Wanda,Brooks,wbrooksqg@dell.com,39.62611,98.32674
954,Carlos,Stephens,cstephensqh@topsy.com,13.38855,144.65852
955,Amy,Smith,asmithqi@europa.eu,50.42744,18.92275
956,Kelly,Martinez,kmartinezqj@dion.ne.jp,46.50665,41.34185
957,Margaret,Roberts,mrobertsqk@un.org,31.79702,118.96073
958,Julie,Barnes,jbarnesql@paypal.com,-21.45267,47.08569
959,Carl,Tucker,ctuckerqm@ibm.com,34.63768,109.29512
960,Robert,Duncan,rduncanqn@ted.com,51.3723,-1.3162
961,Terry,Peterson,tpetersonqo@networksolutions.com,12.36532,13.8293
962,Ann,Johnson,ajohnsonqp@cdc.gov,30.74381,113.9271
963,Samuel,Castillo,scastilloqq@bloglovin.com,48.49665,30.94229
964,Linda,Sanchez,lsanchezqr@dmoz.org,-9.5682,124.4853
965,Mildred,Crawford,mcrawfordqs@nbcnews.com,51.19026,19.85375
966,Marilyn,Phillips,mphillipsqt@weibo.com,40.45294,44.52105
967,Kathryn,Moore,kmoorequ@amazonaws.com,-8.7526,116.0081
968,Stephen,Gonzalez,sgonzalezqv@linkedin.com,50.09283,14.55822
969,Timothy,Oliver,toliverqw@friendfeed.com,7.25167,124.24389
970,Eugene,Hawkins,ehawkinsqx@skyrock.com,-40.35636,175.61113
971,Todd,Payne,tpayneqy@mtv.com,34.86667,138.26667
972,Alan,Woods,awoodsqz@dot.gov,23.74626,114.68498
973,Cheryl,Oliver,coliverr0@alexa.com,-29.51694,-50.77778
974,Evelyn,Mason,emasonr1@prweb.com,13.78024,43.86901
975,Julie,Andrews,jandrewsr2@msu.edu,34.34099,69.4377
976,Lori,Fernandez,lfernandezr3@ebay.com,23.25103,116.68393
977,Mary,Ferguson,mfergusonr4@accuweather.com,45.02604,20.02737
978,Jose,Day,jdayr5@technorati.com,67.28,14.405
979,Edward,Alvarez,ealvarezr6@sun.com,12.72676,-86.38058
980,Margaret,Spencer,mspencerr7@ihg.com,-10.33899,-77.16943
981,Ashley,Marshall,amarshallr8@mozilla.org,24.17542,115.74749
982,Kathy,Bennett,kbennettr9@jalbum.net,14.58194,-90.74361
983,Roger,Black,rblackra@nhs.uk,9.03333,-79.5
984,Jose,Carter,jcarterrb@bandcamp.com,59.3326,18.0649
985,Jennifer,Garcia,jgarciarc@studiopress.com,43,71.5
986,Lillian,Young,lyoungrd@hc360.com,2.7186,101.949
987,Tina,Lane,tlanere@dion.ne.jp,8.526,123.206
988,Juan,Lee,jleerf@nih.gov,49.72068,17.07773
989,Sarah,Dunn,sdunnrg@sohu.com,6.77837,4.03386
990,Lillian,Rose,lroserh@comsenz.com,49.51121,17.52829
991,William,Lopez,wlopezri@alibaba.com,45.35028,15.88056
992,Stephen,Perry,sperryrj@fastcompany.com,-25.88278,-48.57472
993,Diane,Burns,dburnsrk@canalblog.com,37.269,-7.9786
994,Timothy,Lawrence,tlawrencerl@devhub.com,41.1667,-7.7333
995,Amanda,Smith,asmithrm@nsw.gov.au,-6.2365,106.1105
996,Kelly,Castillo,kcastillorn@bluehost.com,-8.5052,118.6133
997,Donald,Price,dpricero@gizmodo.com,41.6167,0.6222
998,Bobby,Tucker,btuckerrp@chronoengine.com,57.33173,25.60947
999,Julia,Griffin,jgriffinrq@accuweather.com,-3.8459,119.5222
1000,Jeremy,Morrison,jmorrisonrr@vk.com,-25.87133,29.23323
